# OkaiBMS 0.3.0 | FMT 3 | CHARGE | Start: 2026-10-05T18:31:25 | RTC: restored (stale — re-sync from dashboard)
# Packs at session start:  port1=LP1(55cyc,89%)  port2=L4(45cyc,89%)  port3=LP3(55cyc,62%)
# Segment: 1  MaxBytes: 262144
# Flash: 9968 KB free of 10112 KB
# Stale=1: row REPEATS the previous frame (pack stopped talking) - not a measurement. Age_ms: age of that frame. Lines starting #### mark a pack dropping out or rejoining.
Timestamp,UpSec,Label,Port,SOC,Voltage_V,Current_A,Power_W,CellHigh_V,CellLow_V,Delta_mV,Rest,MaxTemp_C,Cycles,Status,Warn,Age_ms,Stale,MaxSoC,CapacityMah,TempAvg_C,TempFET_C,TempMCU_C,ChgState,ChgAct
2026-10-05T18:31:54,30,P1,1,89,40.796,+0.784,32.0,4.121,4.034,87,1,22,55,0x0F,-,924,0,100,0,20,19,22,0x7C,0
2026-10-05T18:31:54,30,4,2,89,40.655,+0.822,33.4,4.108,4.023,85,1,23,45,0x0F,-,923,0,99,0,20,20,23,0x7C,0
2026-10-05T18:31:54,30,P3,3,62,38.088,+0.000,0.0,3.845,3.771,74,1,20,55,0x02,-,924,0,99,800,19,19,18,0x00,0
2026-10-05T18:32:24,60,P1,1,89,40.805,+0.784,32.0,4.122,4.035,87,1,22,55,0x0F,-,906,0,100,0,20,19,22,0x7C,0
2026-10-05T18:32:24,60,4,2,89,40.661,+0.827,33.6,4.108,4.024,84,1,22,45,0x0F,-,906,0,99,0,20,20,22,0x7C,0
2026-10-05T18:32:24,60,P3,3,62,38.087,+0.000,0.0,3.845,3.770,75,1,20,55,0x02,-,906,0,99,800,19,19,18,0x00,0
2026-10-05T18:32:54,90,P1,1,89,40.813,+0.784,32.0,4.122,4.036,86,1,22,55,0x0F,-,904,0,100,0,20,19,22,0x7C,0
2026-10-05T18:32:54,90,4,2,89,40.669,+0.822,33.4,4.109,4.025,84,1,22,45,0x0F,-,904,0,99,0,20,20,22,0x7C,0
2026-10-05T18:32:54,90,P3,3,62,38.087,+0.000,0.0,3.845,3.770,75,1,20,55,0x02,-,904,0,99,800,19,19,18,0x00,0
2026-10-05T18:33:24,120,P1,1,89,40.816,+0.784,32.0,4.123,4.036,87,1,22,55,0x0F,-,903,0,100,0,20,19,22,0x7C,0
2026-10-05T18:33:24,120,4,2,89,40.678,+0.822,33.4,4.110,4.026,84,1,23,45,0x0F,-,903,0,99,0,20,20,23,0x7C,0
2026-10-05T18:33:24,120,P3,3,62,38.087,+0.000,0.0,3.845,3.770,75,1,20,55,0x02,-,903,0,99,800,19,20,18,0x00,0
2026-10-05T18:33:54,150,P1,1,89,40.824,+0.784,32.0,4.123,4.037,86,1,22,55,0x0F,-,906,0,100,0,20,19,22,0x7C,0
2026-10-05T18:33:54,150,4,2,89,40.679,+0.827,33.6,4.110,4.026,84,1,22,45,0x0F,-,906,0,99,0,20,20,22,0x7C,0
2026-10-05T18:33:54,150,P3,3,62,38.086,+0.000,0.0,3.845,3.770,75,1,20,55,0x02,-,906,0,99,800,19,19,17,0x00,0
2026-10-05T18:34:24,180,P1,1,89,40.829,+0.784,32.0,4.124,4.038,86,1,21,55,0x0F,-,901,0,100,0,20,19,21,0x7C,0
2026-10-05T18:34:24,180,4,2,89,40.686,+0.822,33.4,4.111,4.027,84,1,23,45,0x0F,-,901,0,99,0,20,20,23,0x7C,0
2026-10-05T18:34:24,180,P3,3,62,38.087,+0.000,0.0,3.845,3.770,75,1,20,55,0x02,-,901,0,99,800,19,19,18,0x00,0
2026-10-05T18:34:54,210,P1,1,89,40.836,+0.784,32.0,4.125,4.038,87,1,22,55,0x0F,-,901,0,100,0,20,19,22,0x7C,0
2026-10-05T18:34:54,210,4,2,89,40.694,+0.827,33.7,4.111,4.028,83,1,22,45,0x0F,-,901,0,99,0,20,20,22,0x7C,0
2026-10-05T18:34:54,210,P3,3,62,38.087,+0.000,0.0,3.845,3.770,75,1,20,55,0x02,-,901,0,99,800,19,19,18,0x00,0
2026-10-05T18:35:24,240,P1,1,89,40.842,+0.784,32.0,4.125,4.039,86,1,22,55,0x0F,-,901,0,100,0,20,19,22,0x7C,0
2026-10-05T18:35:24,240,4,2,89,40.699,+0.827,33.7,4.112,4.028,84,1,22,45,0x0F,-,901,0,99,0,20,20,22,0x7C,0
2026-10-05T18:35:24,240,P3,3,62,38.086,+0.000,0.0,3.845,3.770,75,1,20,55,0x02,-,901,0,99,800,19,19,18,0x00,0
2026-10-05T18:35:54,270,P1,1,89,40.848,+0.784,32.0,4.126,4.040,86,1,22,55,0x0F,-,901,0,100,0,20,19,22,0x7C,0
2026-10-05T18:35:54,270,4,2,90,40.705,+0.822,33.5,4.112,4.029,83,1,22,45,0x0F,-,901,0,99,0,20,20,22,0x7C,0
2026-10-05T18:35:54,270,P3,3,62,38.086,+0.000,0.0,3.845,3.770,75,1,20,55,0x02,-,901,0,99,800,19,19,18,0x00,0
2026-10-05T18:36:24,300,P1,1,89,40.854,+0.784,32.0,4.126,4.040,86,1,22,55,0x0F,-,901,0,100,0,20,19,22,0x7C,0
2026-10-05T18:36:24,300,4,2,90,40.708,+0.827,33.7,4.113,4.029,84,1,22,45,0x0F,-,901,0,99,0,20,20,22,0x7C,0
2026-10-05T18:36:24,300,P3,3,62,38.086,+0.000,0.0,3.845,3.770,75,1,20,55,0x02,-,901,0,99,800,19,19,18,0x00,0
2026-10-05T18:36:54,330,P1,1,89,40.859,+0.784,32.0,4.127,4.041,86,1,22,55,0x0F,-,901,0,100,0,20,19,22,0x7C,0
2026-10-05T18:36:54,330,4,2,90,40.719,+0.827,33.7,4.114,4.031,83,1,22,45,0x0F,-,901,0,99,0,20,20,22,0x7C,0
2026-10-05T18:36:54,330,P3,3,62,38.087,+0.000,0.0,3.845,3.770,75,1,20,55,0x02,-,901,0,99,800,19,19,18,0x00,0
2026-10-05T18:37:24,360,P1,1,89,40.866,+0.778,31.8,4.128,4.041,87,1,22,55,0x0F,-,900,0,100,0,20,19,22,0x7C,0
2026-10-05T18:37:24,360,4,2,90,40.725,+0.827,33.7,4.115,4.031,84,1,22,45,0x0F,-,900,0,99,0,20,20,22,0x7C,0
2026-10-05T18:37:24,360,P3,3,62,38.087,+0.000,0.0,3.845,3.770,75,1,20,55,0x02,-,905,0,99,800,19,19,18,0x00,0
2026-10-05T18:37:54,390,P1,1,90,40.874,+0.778,31.8,4.128,4.042,86,1,22,55,0x0F,-,900,0,100,0,20,19,22,0x7C,0
2026-10-05T18:37:54,390,4,2,90,40.733,+0.822,33.5,4.115,4.032,83,1,22,45,0x0F,-,900,0,99,0,20,20,22,0x7C,0
2026-10-05T18:37:54,390,P3,3,62,38.086,+0.000,0.0,3.845,3.770,75,1,20,55,0x02,-,900,0,99,800,19,19,18,0x00,0
2026-10-05T18:38:24,420,P1,1,90,40.879,+0.784,32.0,4.129,4.043,86,1,21,55,0x0F,-,900,0,100,0,20,19,21,0x7C,0
2026-10-05T18:38:24,420,4,2,90,40.735,+0.827,33.7,4.116,4.033,83,1,22,45,0x0F,-,900,0,99,0,20,20,22,0x7C,0
2026-10-05T18:38:24,420,P3,3,62,38.087,+0.000,0.0,3.845,3.770,75,1,20,55,0x02,-,900,0,99,800,19,19,18,0x00,0
2026-10-05T18:38:54,450,P1,1,90,40.885,+0.784,32.1,4.129,4.043,86,1,22,55,0x0F,-,900,0,100,0,20,19,22,0x7C,0
2026-10-05T18:38:54,450,4,2,90,40.743,+0.827,33.7,4.116,4.033,83,1,22,45,0x0F,-,900,0,99,0,20,20,22,0x7C,0
2026-10-05T18:38:54,450,P3,3,62,38.086,+0.000,0.0,3.845,3.770,75,1,20,55,0x02,-,900,0,99,800,19,19,18,0x00,0
#### PACK BACK  up=465s port=4 L1 first-seen 41.43V +0.0A SOC=100% hb=466 hbAge=0.7s
2026-10-05T18:39:24,480,P1,1,90,40.891,+0.778,31.8,4.130,4.044,86,1,22,55,0x0F,-,903,0,100,0,20,19,22,0x7C,0
2026-10-05T18:39:24,480,4,2,90,40.750,+0.827,33.7,4.117,4.034,83,1,23,45,0x0F,-,904,0,99,0,20,20,23,0x7C,0
2026-10-05T18:39:24,480,P3,3,62,38.086,+0.000,0.0,3.845,3.770,75,1,20,55,0x02,-,904,0,99,800,19,19,18,0x00,0
2026-10-05T18:39:24,480,1,4,100,41.427,+0.000,0.0,4.189,4.096,93,1,26,20,0x02,-,903,0,100,800,23,23,26,0x00,1
2026-10-05T18:39:54,510,P1,1,90,40.899,+0.778,31.8,4.131,4.045,86,1,22,55,0x0F,-,903,0,100,0,20,19,22,0x7C,0
2026-10-05T18:39:54,510,4,2,90,40.753,+0.827,33.7,4.117,4.034,83,1,22,45,0x0F,-,903,0,99,0,20,20,22,0x7C,0
2026-10-05T18:39:54,510,P3,3,62,38.085,+0.000,0.0,3.845,3.770,75,1,20,55,0x02,-,903,0,99,800,19,19,18,0x00,0
2026-10-05T18:39:54,510,1,4,100,41.437,+0.000,0.0,4.153,4.133,20,1,21,40,0x02,-,904,0,100,800,20,20,17,0x00,1
#### PACK LOST  up=520s port=4 L1 lastframe=up510s(10.0s ago) 41.44V +0.0A SOC=100% hb=521 hbAge=0.2s
2026-10-05T18:40:24,540,P1,1,90,40.906,+0.778,31.8,4.131,4.046,85,1,21,55,0x0F,-,903,0,100,0,20,19,21,0x7C,0
2026-10-05T18:40:24,540,4,2,90,40.762,+0.827,33.7,4.118,4.035,83,1,23,45,0x0F,-,903,0,99,0,20,20,23,0x7C,0
2026-10-05T18:40:24,540,P3,3,62,38.086,+0.000,0.0,3.845,3.770,75,1,20,55,0x02,-,903,0,99,800,19,19,18,0x00,0
